,threshold,MCC,precision,recall,f1,accuracy,language_pair,split,seed
0,0.5,0.3785306215286255,0.29374998807907104,0.6619718074798584,0.40692639350891113,0.8629999756813049,en-cs,dev,ensemble
1,0.5,0.04647497087717056,0.08896797150373459,0.3571428656578064,0.14245013892650604,0.6990000009536743,en-de,dev,ensemble
