,threshold,MCC,precision,recall,f1,accuracy,language_pair,split,seed
1,0.5,0.34032168984413147,0.29374998807907104,0.5802469253540039,0.3900415003299713,0.8529999852180481,en-cs,dev,89
3,0.5,-0.024057887494564056,0.05820105969905853,0.15492957830429077,0.08461538702249527,0.7620000243186951,en-cs,test,42
4,0.5,0.03574623540043831,0.08896797150373459,0.3378378450870514,0.14084507524967194,0.6949999928474426,en-de,dev,88
