,threshold,MCC,precision,recall,f1,accuracy,language_pair,split,seed,model_type
0,0.5,0.3785306215286255,0.29374998807907104,0.6619718074798584,0.40692639350891113,0.8629999756813049,en-cs,dev,42,supervised
3,0.5,-0.024057887494564056,0.05820105969905853,0.15492957830429077,0.08461538702249527,0.7620000243186951,en-cs,test,42,supervised
5,0.5,0.043737176805734634,0.08896797150373459,0.35211268067359924,0.14204545319080353,0.6980000138282776,en-de,dev,42,supervised
