,threshold,MCC,precision,recall,f1,accuracy,language_pair,split,seed,model_type
2,0.5,0.46466562151908875,0.6312500238418579,0.49753695726394653,0.5564738512039185,0.8389999866485596,en-cs,dev,42,supervised
5,0.5,0.4695121645927429,0.5873016119003296,0.5577889680862427,0.5721649527549744,0.8339999914169312,en-cs,test,107,supervised
11,0.5,0.45726099610328674,0.6298932433128357,0.5979729890823364,0.6135181784629822,0.7770000100135803,en-de,dev,89,supervised
15,0.5,0.5028647780418396,0.6979166865348816,0.6146789193153381,0.6536585092544556,0.7870000004768372,en-de,test,928,supervised
23,0.5,0.3170933425426483,0.4166666567325592,0.36036035418510437,0.3864734172821045,0.8730000257492065,en-ja,dev,2710,supervised
26,0.5,0.20098909735679626,0.2804878056049347,0.2584269642829895,0.26900583505630493,0.875,en-ja,test,107,supervised
30,0.5,0.3787826597690582,0.5248227119445801,0.43023255467414856,0.4728434383869171,0.8349999785423279,en-zh,dev,42,supervised
36,0.5,0.2875027358531952,0.4177215099334717,0.39053255319595337,0.40366971492767334,0.8050000071525574,en-zh,test,107,supervised
