,threshold,MCC,precision,recall,f1,accuracy,language_pair,split,seed,model_type
3,0.5,0.4847325086593628,0.581250011920929,0.5568862557411194,0.5688073635101318,0.859000027179718,en-cs,dev,2710,supervised
9,0.5,0.49385198950767517,0.5767195820808411,0.598901093006134,0.5876010656356812,0.847000002861023,en-cs,test,2710,supervised
12,0.5,0.4730955958366394,0.6441280841827393,0.6073825359344482,0.6252158880233765,0.7829999923706055,en-de,dev,928,supervised
17,0.5,0.516930341720581,0.6805555820465088,0.6405228972434998,0.6599326729774475,0.7979999780654907,en-de,test,107,supervised
24,0.5,0.33218246698379517,0.3020833432674408,0.4833333194255829,0.3717948794364929,0.9020000100135803,en-ja,dev,42,supervised
29,0.5,0.25637373328208923,0.3658536672592163,0.2884615361690521,0.32258063554763794,0.8740000128746033,en-ja,test,928,supervised
33,0.5,0.3959987759590149,0.5390070676803589,0.4444444477558136,0.4871794879436493,0.8399999737739563,en-zh,dev,928,supervised
35,0.5,0.3196837306022644,0.4683544337749481,0.40437158942222595,0.4340175986289978,0.8069999814033508,en-zh,test,89,supervised
