,threshold,MCC,precision,recall,f1,accuracy,language_pair,split,seed,model_type
0,0.5,0.4734734296798706,0.606249988079071,0.5243242979049683,0.5623188614845276,0.8489999771118164,en-cs,dev,-,majority_ensemble
1,0.5,0.4717191755771637,0.5925925970077515,0.5572139024734497,0.5743589997291565,0.8339999914169312,en-cs,test,-,majority_ensemble
2,0.5,0.46395960450172424,0.6334519386291504,0.6033898591995239,0.6180555820465088,0.7799999713897705,en-de,dev,-,majority_ensemble
3,0.5,0.5028342604637146,0.6875,0.6206896305084229,0.6523888111114502,0.7889999747276306,en-de,test,-,majority_ensemble
4,0.5,0.3264586925506592,0.4166666567325592,0.37383177876472473,0.39408865571022034,0.8769999742507935,en-ja,dev,-,majority_ensemble
5,0.5,0.19490905106067657,0.2804878056049347,0.25,0.26436781883239746,0.871999979019165,en-ja,test,-,majority_ensemble
6,0.5,0.40565046668052673,0.5460993051528931,0.4529411792755127,0.49517685174942017,0.8429999947547913,en-zh,dev,-,majority_ensemble
7,0.5,0.2911418080329895,0.42405062913894653,0.39181286096572876,0.4072948396205902,0.8050000071525574,en-zh,test,-,majority_ensemble
