,language_pair,split,threshold_strategy,exp_group,threshold,MCC,precision,recall,f1,accuracy
0,en-ja,dev,best,train_monolingual_auth_data_enja,0.488,0.3456481873989105,0.34791666865348814,0.46108349561691286,0.39539253115653994,0.8980000138282775
1,en-ja,dev,default,train_monolingual_auth_data_enja,0.5,0.3379058539867401,0.3416666746139526,0.45326015949249265,0.38820379972457886,0.8967999935150146
2,en-ja,dev,extreme,train_monolingual_auth_data_enja,0.1,0.3132624328136444,0.39583333730697634,0.37116838097572324,0.37977670431137084,0.875600004196167
3,en-ja,test,best,train_monolingual_auth_data_enja,0.488,0.16556236743927003,0.202439022064209,0.254170286655426,0.2245438039302826,0.8857999920845032
4,en-ja,test,default,train_monolingual_auth_data_enja,0.5,0.16555795967578887,0.202439022064209,0.2541532188653946,0.2245485633611679,0.8857999920845032
5,en-ja,test,extreme,train_monolingual_auth_data_enja,0.1,0.22873294949531556,0.3292682945728302,0.2709558606147766,0.295100200176239,0.8728000044822692
