,threshold,MCC,precision,recall,f1,accuracy,threshold_strategy,language_pair,split,seed,model_type,exp_group
0,0.5,0.3230266571044922,0.44285714626312256,0.3229166567325592,0.3734939694404602,0.8960000276565552,default,en-ja,dev,-,majority_ensemble,train_monolingual_auth_data_enja
1,0.0,0.3496350944042206,0.4714285731315613,0.34375,0.39759036898612976,0.8999999761581421,best,en-ja,dev,-,majority_ensemble,train_monolingual_auth_data_enja
2,0.1,0.3150264620780945,0.37755101919174194,0.3854166567325592,0.3814432919025421,0.8799999952316284,extreme,en-ja,dev,-,majority_ensemble,train_monolingual_auth_data_enja
3,0.5,0.14986871182918549,0.24193547666072845,0.18292683362960815,0.2083333283662796,0.8859999775886536,default,en-ja,test,-,majority_ensemble,train_monolingual_auth_data_enja
4,0.0,0.14986871182918549,0.24193547666072845,0.18292683362960815,0.2083333283662796,0.8859999775886536,best,en-ja,test,-,majority_ensemble,train_monolingual_auth_data_enja
5,0.1,0.21803511679172516,0.2688172161579132,0.3048780560493469,0.2857142984867096,0.875,extreme,en-ja,test,-,majority_ensemble,train_monolingual_auth_data_enja
