,language_pair,split,threshold_strategy,exp_group,MCC,seed,threshold,precision,recall,f1,accuracy
0,en-ja,dev,best,train_monolingual_auth_data_enja,0.3471352458000183,2710,0.52,0.4430379867553711,0.3645833432674408,0.4000000059604645,0.8949999809265137
1,en-ja,dev,default,train_monolingual_auth_data_enja,0.33886709809303284,2710,0.5,0.4268292784690857,0.3645833432674408,0.3932584226131439,0.8920000195503235
2,en-ja,dev,extreme,train_monolingual_auth_data_enja,0.30376848578453064,2710,0.1,0.3360655605792999,0.4270833432674408,0.3761467933654785,0.8640000224113464
3,en-ja,test,best,train_monolingual_auth_data_enja,0.1726604700088501,42,0.48999999999999994,0.2467532455921173,0.23170731961727142,0.23899370431900024,0.8790000081062317
4,en-ja,test,default,train_monolingual_auth_data_enja,0.1726604700088501,42,0.5,0.25,0.23170731961727142,0.2405063360929489,0.8799999952316284
5,en-ja,test,extreme,train_monolingual_auth_data_enja,0.21621765196323395,42,0.1,0.2857142984867096,0.4390243887901306,0.3461538553237915,0.8640000224113464
