,threshold,MCC,precision,recall,f1,accuracy,threshold_strategy,language_pair,split,seed,model_type,exp_group
4,0.44,0.3409324288368225,0.3229166567325592,0.4769230782985687,0.38509318232536316,0.9010000228881836,best,en-ja,dev,107,supervised,train_monolingual_auth_data_enja
3,0.5,0.3244263827800751,0.3020833432674408,0.4677419364452362,0.3670886158943176,0.8999999761581421,default,en-ja,dev,107,supervised,train_monolingual_auth_data_enja
14,0.1,0.2996113896369934,0.3645833432674408,0.3684210479259491,0.3664921522140503,0.8790000081062317,extreme,en-ja,dev,89,supervised,train_monolingual_auth_data_enja
22,0.44,0.13328596949577332,0.15853658318519592,0.2321428507566452,0.18840579688549042,0.8880000114440918,best,en-ja,test,107,supervised,train_monolingual_auth_data_enja
21,0.5,0.13328596949577332,0.15853658318519592,0.2321428507566452,0.18840579688549042,0.8880000114440918,default,en-ja,test,107,supervised,train_monolingual_auth_data_enja
20,0.1,0.194326713681221,0.26829269528388977,0.25581395626068115,0.261904776096344,0.8759999871253967,extreme,en-ja,test,89,supervised,train_monolingual_auth_data_enja
