,threshold,MCC,precision,recall,f1,accuracy,language_pair,split,seed,model_type
2,0.5,0.3244263827800751,0.3020833432674408,0.4677419364452362,0.3670886158943176,0.8999999761581421,en-ja,dev,107,supervised
9,0.5,0.13328596949577332,0.15853658318519592,0.2321428507566452,0.18840579688549042,0.8880000114440918,en-ja,test,107,supervised
