,threshold,MCC,precision,recall,f1,accuracy,threshold_strategy,language_pair,split,seed,model_type,exp_group
10,0.48999999999999994,0.34802067279815674,0.43023255467414856,0.3854166567325592,0.4065934121608734,0.8920000195503235,best,en-ja,dev,42,supervised,train_monolingual_auth_data_enja
6,0.5,0.3471352458000183,0.4776119291782379,0.3333333432674408,0.39263802766799927,0.9010000228881836,default,en-ja,dev,928,supervised,train_monolingual_auth_data_enja
5,0.1,0.33300355076789856,0.4137931168079376,0.375,0.39344263076782227,0.8889999985694885,extreme,en-ja,dev,107,supervised,train_monolingual_auth_data_enja
19,0.52,0.1800963580608368,0.27419355511665344,0.2073170691728592,0.2361111044883728,0.8899999856948853,best,en-ja,test,89,supervised,train_monolingual_auth_data_enja
18,0.5,0.1800963580608368,0.27419355511665344,0.2073170691728592,0.2361111044883728,0.8899999856948853,default,en-ja,test,89,supervised,train_monolingual_auth_data_enja
17,0.1,0.2819179892539978,0.2857142984867096,0.4390243887901306,0.3461538553237915,0.8640000224113464,extreme,en-ja,test,42,supervised,train_monolingual_auth_data_enja
