,threshold,MCC,precision,recall,f1,accuracy,language_pair,split,seed,model_type
0,0.5,0.3230266571044922,0.3229166567325592,0.44285714626312256,0.3734939694404602,0.8960000276565552,en-ja,dev,-,majority_ensemble
1,0.5,0.14986871182918549,0.18292683362960815,0.24193547666072845,0.2083333283662796,0.8859999775886536,en-ja,test,-,majority_ensemble
