,threshold,MCC,precision,recall,f1,accuracy,language_pair,split,seed,model_type
0,0.5,0.3471352458000183,0.3333333432674408,0.4776119291782379,0.39263802766799927,0.9010000228881836,en-ja,dev,928,supervised
8,0.5,0.1800963580608368,0.2073170691728592,0.27419355511665344,0.2361111044883728,0.8899999856948853,en-ja,test,89,supervised
