,threshold,MCC,precision,recall,f1,accuracy,threshold_strategy,language_pair,split,seed,model_type,exp_group
2,0.47000000000000003,0.3471352458000183,0.3333333432674408,0.4776119291782379,0.39263802766799927,0.9010000228881836,best,en-ja,dev,928,supervised,train_monolingual_auth_data_enja
7,0.5,0.33886709809303284,0.375,0.42352941632270813,0.3977900445461273,0.890999972820282,default,en-ja,dev,42,supervised,train_monolingual_auth_data_enja
12,0.1,0.30376848578453064,0.4270833432674408,0.3360655605792999,0.3761467933654785,0.8640000224113464,extreme,en-ja,dev,2710,supervised,train_monolingual_auth_data_enja
17,0.47000000000000003,0.1726604700088501,0.19512194395065308,0.2711864411830902,0.22695034742355347,0.890999972820282,best,en-ja,test,928,supervised,train_monolingual_auth_data_enja
22,0.5,0.1726604700088501,0.19512194395065308,0.2711864411830902,0.22695034742355347,0.890999972820282,default,en-ja,test,928,supervised,train_monolingual_auth_data_enja
27,0.1,0.21621765196323395,0.2804878056049347,0.2804878056049347,0.2804878056049347,0.8820000290870667,extreme,en-ja,test,928,supervised,train_monolingual_auth_data_enja
