,threshold,MCC,precision,recall,f1,accuracy,language_pair,split,seed,model_type
1,0.5,0.33926263451576233,0.5416666865348816,0.32499998807907104,0.40625,0.8479999899864197,en-ja,dev,42,supervised
7,0.5,0.27647942304611206,0.4268292784690857,0.28455284237861633,0.3414634168148041,0.8650000095367432,en-ja,test,89,supervised
