,threshold,MCC,precision,recall,f1,accuracy,threshold_strategy,language_pair,split,seed,model_type,exp_group
0,0.5,0.3253268301486969,0.32236841320991516,0.5104166865348816,0.39516130089759827,0.8500000238418579,default,en-ja,dev,-,majority_ensemble,second_step_base_demetr_data_enja
1,0.0,0.34059250354766846,0.3311688303947449,0.53125,0.40799999237060547,0.8519999980926514,best,en-ja,dev,-,majority_ensemble,second_step_base_demetr_data_enja
2,0.1,0.26988619565963745,0.2488262951374054,0.5520833134651184,0.3430420756340027,0.796999990940094,extreme,en-ja,dev,-,majority_ensemble,second_step_base_demetr_data_enja
3,0.5,0.2507229447364807,0.2639999985694885,0.40243902802467346,0.3188405930995941,0.859000027179718,default,en-ja,test,-,majority_ensemble,second_step_base_demetr_data_enja
4,0.0,0.2655516564846039,0.27131783962249756,0.4268292784690857,0.33175355195999146,0.859000027179718,best,en-ja,test,-,majority_ensemble,second_step_base_demetr_data_enja
5,0.1,0.2586140036582947,0.22994652390480042,0.5243902206420898,0.3197025954723358,0.8169999718666077,extreme,en-ja,test,-,majority_ensemble,second_step_base_demetr_data_enja
