,threshold,MCC,precision,recall,f1,accuracy,threshold_strategy,language_pair,split,seed,model_type,exp_group
2,0.46,0.33523520827293396,0.53125,0.3248407542705536,0.40316206216812134,0.8489999771118164,best,en-ja,dev,89,supervised,second_step_base_demetr_data_enja
7,0.5,0.33444374799728394,0.5104166865348816,0.3333333432674408,0.403292179107666,0.8550000190734863,default,en-ja,dev,2710,supervised,second_step_base_demetr_data_enja
12,0.1,0.27564629912376404,0.5625,0.2511627972126007,0.34726688265800476,0.796999990940094,extreme,en-ja,dev,89,supervised,second_step_base_demetr_data_enja
17,0.5,0.2546781897544861,0.4146341383457184,0.26356589794158936,0.3222748935222626,0.8569999933242798,best,en-ja,test,42,supervised,second_step_base_demetr_data_enja
22,0.5,0.2546781897544861,0.4146341383457184,0.26356589794158936,0.3222748935222626,0.8569999933242798,default,en-ja,test,42,supervised,second_step_base_demetr_data_enja
27,0.1,0.2638499438762665,0.5121951103210449,0.23863635957241058,0.3255814015865326,0.8259999752044678,extreme,en-ja,test,2710,supervised,second_step_base_demetr_data_enja
