,threshold,MCC,precision,recall,f1,accuracy,language_pair,split,seed,model_type
4,0.5,0.3207439184188843,0.5208333134651184,0.3125,0.390625,0.843999981880188,en-ja,dev,107,supervised
8,0.5,0.22537679970264435,0.353658527135849,0.25438597798347473,0.29591837525367737,0.8619999885559082,en-ja,test,2710,supervised
