,threshold,MCC,precision,recall,f1,accuracy,language_pair,split,seed,model_type
0,0.5,0.3253268301486969,0.5104166865348816,0.32236841320991516,0.39516130089759827,0.8500000238418579,en-ja,dev,-,majority_ensemble
1,0.5,0.2507229447364807,0.40243902802467346,0.2639999985694885,0.3188405930995941,0.859000027179718,en-ja,test,-,majority_ensemble
