,language_pair,split,threshold_strategy,exp_group,threshold,MCC,precision,recall,f1,accuracy
0,en-cs,test,default,wmt21_annotator,0.5,0.4221622347831726,0.7089946866035461,0.43790850043296814,0.5414141416549683,0.7730000019073486
1,en-de,test,default,wmt21_annotator,0.5,0.4749874770641327,0.6875,0.5910447835922241,0.6356340050697327,0.7730000019073486
2,en-ja,test,default,wmt21_annotator,0.5,0.1865244209766388,0.6829268336296082,0.1473684161901474,0.24242424964904785,0.6499999761581421
3,en-zh,test,default,wmt21_annotator,0.5,0.29363536834716797,0.6708860993385315,0.3045977056026459,0.41897234320640564,0.7059999704360962
