,threshold,MCC,precision,recall,f1,accuracy,language_pair,split,seed,model_type
2,0.5,0.4796747863292694,0.5053380727767944,0.713567852973938,0.5916666388511658,0.8040000200271606,en-de,dev,42,supervised
7,0.5,0.47932013869285583,0.5138888955116272,0.7115384340286255,0.5967742204666138,0.800000011920929,en-de,test,42,supervised
