,threshold,MCC,precision,recall,f1,accuracy,threshold_strategy,language_pair,split,seed,model_type,exp_group
0,0.5,0.4734591841697693,0.710659921169281,0.49822065234184265,0.5857740640640259,0.8019999861717224,default,en-de,dev,-,majority_ensemble,second_step_base_wmt22_small_data
1,0.0,0.4753338694572449,0.7164948582649231,0.49466192722320557,0.5852631330490112,0.8029999732971191,best,en-de,dev,-,majority_ensemble,second_step_base_wmt22_small_data
2,0.1,0.4076264202594757,0.4941176474094391,0.7473309636116028,0.5949008464813232,0.7139999866485596,extreme,en-de,dev,-,majority_ensemble,second_step_base_wmt22_small_data
3,0.5,0.4659574031829834,0.7099999785423279,0.4930555522441864,0.5819672346115112,0.7960000038146973,default,en-de,test,-,majority_ensemble,second_step_base_wmt22_small_data
4,0.0,0.4734112620353699,0.720812201499939,0.4930555522441864,0.5855669975280762,0.7990000247955322,best,en-de,test,-,majority_ensemble,second_step_base_wmt22_small_data
5,0.1,0.48265933990478516,0.5381062626838684,0.8090277910232544,0.6463245749473572,0.7450000047683716,extreme,en-de,test,-,majority_ensemble,second_step_base_wmt22_small_data
