,threshold,MCC,precision,recall,f1,accuracy,threshold_strategy,language_pair,split,seed,model_type,exp_group
2,0.49,0.47785240411758423,0.49466192722320557,0.7202072739601135,0.5864979028701782,0.8040000200271606,best,en-de,dev,89,supervised,second_step_base_wmt22_small_data
7,0.5,0.47542986273765564,0.5088967680931091,0.7044335007667542,0.5909090638160706,0.8019999861717224,default,en-de,dev,107,supervised,second_step_base_wmt22_small_data
12,0.1,0.400502473115921,0.7580071091651917,0.4840908944606781,0.590846061706543,0.7049999833106995,extreme,en-de,dev,42,supervised,second_step_base_wmt22_small_data
17,0.49,0.46879738569259644,0.4791666567325592,0.7263157963752747,0.5774058699607849,0.7979999780654907,best,en-de,test,89,supervised,second_step_base_wmt22_small_data
22,0.5,0.4702184796333313,0.5034722089767456,0.707317054271698,0.5882353186607361,0.796999990940094,default,en-de,test,928,supervised,second_step_base_wmt22_small_data
27,0.1,0.4862702190876007,0.8368055820465088,0.5285087823867798,0.647849440574646,0.7379999756813049,extreme,en-de,test,42,supervised,second_step_base_wmt22_small_data
