,language_pair,split,threshold_strategy,exp_group,threshold,MCC,precision,recall,f1,accuracy
0,en-de,dev,best,second_step_base_wmt22_small_data,0.504,0.4777158200740814,0.49964413046836853,0.7156797528266907,0.5884153842926025,0.803600013256073
1,en-de,dev,default,second_step_base_wmt22_small_data,0.5,0.47538489699363706,0.5003558695316315,0.7117057919502259,0.5875214099884033,0.8026000022888183
2,en-de,dev,extreme,second_step_base_wmt22_small_data,0.1,0.39977033734321593,0.7402135252952575,0.4905369639396667,0.5897800326347351,0.7106000065803528
3,en-de,test,best,second_step_base_wmt22_small_data,0.504,0.47024046182632445,0.49444444179534913,0.7151659846305847,0.5844354152679443,0.797599995136261
4,en-de,test,default,second_step_base_wmt22_small_data,0.5,0.46968249678611756,0.496527773141861,0.712675142288208,0.5850115895271302,0.7972000002861023
5,en-de,test,extreme,second_step_base_wmt22_small_data,0.1,0.48422583341598513,0.8159722328186035,0.5363922476768493,0.647076940536499,0.7435999870300293
