,threshold,MCC,precision,recall,f1,accuracy,threshold_strategy,language_pair,split,seed,model_type,exp_group
4,0.5,0.4796747863292694,0.713567852973938,0.5053380727767944,0.5916666388511658,0.8040000200271606,best,en-de,dev,42,supervised,second_step_base_wmt22_small_data
3,0.5,0.4796747863292694,0.713567852973938,0.5053380727767944,0.5916666388511658,0.8040000200271606,default,en-de,dev,42,supervised,second_step_base_wmt22_small_data
2,0.1,0.4071093201637268,0.503722071647644,0.7224199175834656,0.5935672521591187,0.722000002861023,extreme,en-de,dev,89,supervised,second_step_base_wmt22_small_data
19,0.5,0.47932013869285583,0.7115384340286255,0.5138888955116272,0.5967742204666138,0.800000011920929,best,en-de,test,42,supervised,second_step_base_wmt22_small_data
18,0.5,0.47932013869285583,0.7115384340286255,0.5138888955116272,0.5967742204666138,0.800000011920929,default,en-de,test,42,supervised,second_step_base_wmt22_small_data
29,0.1,0.48816975951194763,0.5446009635925293,0.8055555820465088,0.6498599648475647,0.75,extreme,en-de,test,2710,supervised,second_step_base_wmt22_small_data
