,threshold,MCC,precision,recall,f1,accuracy,language_pair,split,seed,model_type
4,0.5,0.47164827585220337,0.5017793774604797,0.7049999833106995,0.5862785577774048,0.8009999990463257,en-de,dev,2710,supervised
5,0.5,0.4586276710033417,0.4930555522441864,0.6995074152946472,0.5784114003181458,0.7929999828338623,en-de,test,2710,supervised
