,threshold,MCC,precision,recall,f1,accuracy,threshold_strategy,language_pair,split,seed,model_type,exp_group
13,0.49,0.4741024374961853,0.7085427045822144,0.5017793774604797,0.5874999761581421,0.8019999861717224,best,en-de,dev,928,supervised,second_step_base_wmt22_small_data
6,0.5,0.47164827585220337,0.7049999833106995,0.5017793774604797,0.5862785577774048,0.8009999990463257,default,en-de,dev,2710,supervised,second_step_base_wmt22_small_data
14,0.1,0.3933202624320984,0.4756637215614319,0.7651245594024658,0.5866302847862244,0.6970000267028809,extreme,en-de,dev,928,supervised,second_step_base_wmt22_small_data
28,0.53,0.463168203830719,0.7210526466369629,0.4756944477558136,0.573221743106842,0.7960000038146973,best,en-de,test,2710,supervised,second_step_base_wmt22_small_data
27,0.5,0.4586276710033417,0.6995074152946472,0.4930555522441864,0.5784114003181458,0.7929999828338623,default,en-de,test,2710,supervised,second_step_base_wmt22_small_data
23,0.1,0.4746840298175812,0.5218340754508972,0.8298611044883728,0.6407506465911865,0.7319999933242798,extreme,en-de,test,928,supervised,second_step_base_wmt22_small_data
