,threshold,MCC,precision,recall,f1,accuracy,language_pair,split,seed,model_type
0,0.5,0.4734591841697693,0.49822065234184265,0.710659921169281,0.5857740640640259,0.8019999861717224,en-de,dev,-,majority_ensemble
1,0.5,0.4659574031829834,0.4930555522441864,0.7099999785423279,0.5819672346115112,0.7960000038146973,en-de,test,-,majority_ensemble
