,language_pair,split,threshold_strategy,exp_group,MCC,seed,threshold,precision,recall,f1,accuracy
0,en-de,dev,best,second_step_base_wmt22_small_data,0.47785240411758423,89,0.49,0.7202072739601135,0.49466192722320557,0.5864979028701782,0.8040000200271606
1,en-de,dev,default,second_step_base_wmt22_small_data,0.47542986273765564,89,0.5,0.7248677015304565,0.4875444769859314,0.5829787254333496,0.8040000200271606
2,en-de,dev,extreme,second_step_base_wmt22_small_data,0.400502473115921,89,0.1,0.503722071647644,0.7224199175834656,0.5935672521591187,0.722000002861023
3,en-de,test,best,second_step_base_wmt22_small_data,0.46879738569259644,89,0.49,0.7263157963752747,0.4791666567325592,0.5774058699607849,0.7979999780654907
4,en-de,test,default,second_step_base_wmt22_small_data,0.4702184796333313,89,0.5,0.739130437374115,0.4722222089767456,0.5762711763381958,0.800000011920929
5,en-de,test,extreme,second_step_base_wmt22_small_data,0.4862702190876007,89,0.1,0.5478469133377075,0.7951388955116272,0.6487252116203308,0.7519999742507935
