,threshold,MCC,precision,recall,f1,accuracy,language_pair,split,seed,model_type
0,0.5,0.47711870074272156,0.6000000238418579,0.5333333611488342,0.5647059082984924,0.8519999980926514,en-cs,dev,-,majority_ensemble
1,0.5,0.4887901842594147,0.5925925970077515,0.5803108811378479,0.5863874554634094,0.8420000076293945,en-cs,test,-,majority_ensemble
2,0.5,0.4773106873035431,0.4483985900878906,0.7636363506317139,0.5650224089622498,0.8059999942779541,en-de,dev,-,majority_ensemble
3,0.5,0.48311594128608704,0.4652777910232544,0.7613636255264282,0.5775862336158752,0.8040000200271606,en-de,test,-,majority_ensemble
4,0.5,0.3980010151863098,0.5390070676803589,0.4470588266849518,0.4887459874153137,0.8410000205039978,en-zh,dev,-,majority_ensemble
5,0.5,0.30201005935668945,0.43670886754989624,0.3988439440727234,0.41691842675209045,0.8069999814033508,en-zh,test,-,majority_ensemble
