,threshold,MCC,precision,recall,f1,accuracy,language_pair,split,seed,model_type
2,0.5,0.46883153915405273,0.581250011920929,0.5344827771186829,0.5568862557411194,0.8519999980926514,en-cs,dev,2710,supervised
8,0.5,0.493360698223114,0.5873016119003296,0.5904255509376526,0.5888594388961792,0.8450000286102295,en-cs,test,42,supervised
10,0.5,0.4790746569633484,0.4306049942970276,0.7857142686843872,0.5563218593597412,0.8069999814033508,en-de,dev,42,supervised
16,0.5,0.47976985573768616,0.4583333432674408,0.763005793094635,0.5726681351661682,0.8029999732971191,en-de,test,107,supervised
20,0.5,0.3959987759590149,0.5390070676803589,0.4444444477558136,0.4871794879436493,0.8399999737739563,en-zh,dev,2710,supervised
26,0.5,0.3127940893173218,0.44936707615852356,0.4057142734527588,0.4264264404773712,0.8090000152587891,en-zh,test,2710,supervised
