,threshold,MCC,precision,recall,f1,accuracy,language_pair,split,seed,model_type
1,0.5,0.4629187285900116,0.5874999761581421,0.5222222208976746,0.5529412031173706,0.8479999899864197,en-cs,dev,89,supervised
5,0.5,0.4844988286495209,0.5873016119003296,0.578125,0.5826771855354309,0.8410000205039978,en-cs,test,89,supervised
14,0.5,0.47009193897247314,0.4590747356414795,0.7413793206214905,0.5670329928398132,0.8029999732971191,en-de,dev,928,supervised
18,0.5,0.46356526017189026,0.4305555522441864,0.7654321193695068,0.551111102104187,0.7979999780654907,en-de,test,42,supervised
24,0.5,0.382702112197876,0.5248227119445801,0.43529412150382996,0.47588425874710083,0.8370000123977661,en-zh,dev,107,supervised
29,0.5,0.28200918436050415,0.4113923907279968,0.386904776096344,0.3987730145454407,0.8040000200271606,en-zh,test,89,supervised
