,threshold,MCC,precision,recall,f1,accuracy,language_pair,split,seed,model_type
3,0.5,0.48098239302635193,0.59375,0.5428571701049805,0.5671641826629639,0.8550000190734863,en-cs,dev,107,supervised
8,0.5,0.499349445104599,0.6243386268615723,0.5728155374526978,0.597468376159668,0.8410000205039978,en-cs,test,42,supervised
12,0.5,0.5195613503456116,0.5658363103866577,0.7194570302963257,0.6334661245346069,0.8159999847412109,en-de,dev,928,supervised
17,0.5,0.48750659823417664,0.5555555820465088,0.6896551847457886,0.6153846383094788,0.800000011920929,en-de,test,42,supervised
24,0.5,0.34556344151496887,0.43971630930900574,0.43661972880363464,0.43816253542900085,0.8410000205039978,en-zh,dev,2710,supervised
28,0.5,0.2755996286869049,0.3607594966888428,0.40714284777641296,0.38255032896995544,0.8159999847412109,en-zh,test,42,supervised
