,threshold,MCC,precision,recall,f1,accuracy,language_pair,split,seed,model_type
0,0.5,0.47837746143341064,0.612500011920929,0.5268816947937012,0.5664739608764648,0.8500000238418579,en-cs,dev,-,majority_ensemble
1,0.5,0.49721795320510864,0.6190476417541504,0.5735294222831726,0.5954198241233826,0.8410000205039978,en-cs,test,-,majority_ensemble
2,0.5,0.5208348631858826,0.5943060517311096,0.6987447738647461,0.642307698726654,0.8140000104904175,en-de,dev,-,majority_ensemble
3,0.5,0.4868226945400238,0.5625,0.6835442781448364,0.6171428561210632,0.7990000247955322,en-de,test,-,majority_ensemble
4,0.5,0.3385421931743622,0.4609929025173187,0.41401273012161255,0.43624159693717957,0.8320000171661377,en-zh,dev,-,majority_ensemble
5,0.5,0.2558405101299286,0.3734177350997925,0.3734177350997925,0.3734177350997925,0.8019999861717224,en-zh,test,-,majority_ensemble
