,threshold,MCC,precision,recall,f1,accuracy,threshold_strategy,language_pair,split,seed,model_type,exp_group
4,0.64,0.46989884972572327,0.6995074152946472,0.5053380727767944,0.586776852607727,0.800000011920929,best,en-de,dev,107,supervised,second_step_base_wmt22_data
0,0.5,0.4641764760017395,0.7189189195632935,0.47330960631370544,0.5708154439926147,0.800000011920929,default,en-de,dev,42,supervised,second_step_base_wmt22_data
5,0.1,0.39684921503067017,0.49631449580192566,0.7188612222671509,0.5872092843055725,0.7160000205039978,extreme,en-de,dev,107,supervised,second_step_base_wmt22_data
19,0.12,0.43902352452278137,0.5945945978164673,0.6111111044883728,0.6027397513389587,0.7680000066757202,best,en-de,test,2710,supervised,second_step_base_wmt22_data
15,0.5,0.4466632902622223,0.6328125,0.5625,0.595588207244873,0.7799999713897705,default,en-de,test,107,supervised,second_step_base_wmt22_data
20,0.1,0.44025719165802,0.5882353186607361,0.625,0.6060606241226196,0.765999972820282,extreme,en-de,test,2710,supervised,second_step_base_wmt22_data
