,threshold,MCC,precision,recall,f1,accuracy,threshold_strategy,language_pair,split,seed,model_type,exp_group
0,0.5,0.47164827585220337,0.5017793774604797,0.7049999833106995,0.5862785577774048,0.8009999990463257,default,en-de,dev,-,majority_ensemble,second_step_base_wmt22_data
1,0.0,0.47641441226005554,0.5551601648330688,0.6695278882980347,0.6070038676261902,0.7979999780654907,best,en-de,dev,-,majority_ensemble,second_step_base_wmt22_data
2,0.1,0.4711673855781555,0.6156583428382874,0.6223021745681763,0.6189624071121216,0.7870000004768372,extreme,en-de,dev,-,majority_ensemble,second_step_base_wmt22_data
3,0.5,0.4720580279827118,0.5,0.7128713130950928,0.5877550840377808,0.7979999780654907,default,en-de,test,-,majority_ensemble,second_step_base_wmt22_data
4,0.0,0.48804566264152527,0.59375,0.6627907156944275,0.6263736486434937,0.7960000038146973,best,en-de,test,-,majority_ensemble,second_step_base_wmt22_data
5,0.1,0.4504982829093933,0.6388888955116272,0.5916398763656616,0.6143572330474854,0.7689999938011169,extreme,en-de,test,-,majority_ensemble,second_step_base_wmt22_data
