,threshold,MCC,precision,recall,f1,accuracy,language_pair,split,seed,model_type
0,0.5,0.47164827585220337,0.5017793774604797,0.7049999833106995,0.5862785577774048,0.8009999990463257,en-de,dev,-,majority_ensemble
1,0.5,0.4720580279827118,0.5,0.7128713130950928,0.5877550840377808,0.7979999780654907,en-de,test,-,majority_ensemble
