,language_pair,split,threshold_strategy,exp_group,MCC,seed,threshold,precision,recall,f1,accuracy
0,en-de,dev,best,second_step_base_wmt22_data,0.47542986273765564,42,0.11,0.6695652008056641,0.5480427145957947,0.6027397513389587,0.796999990940094
1,en-de,dev,default,second_step_base_wmt22_data,0.468455046415329,42,0.5,0.7189189195632935,0.47330960631370544,0.5708154439926147,0.800000011920929
2,en-de,dev,extreme,second_step_base_wmt22_data,0.4538731575012207,42,0.1,0.6652360558509827,0.5516014099121094,0.6031128168106079,0.7960000038146973
3,en-de,test,best,second_step_base_wmt22_data,0.4727899432182312,107,0.64,0.7178217768669128,0.5034722089767456,0.5918367505073547,0.800000011920929
4,en-de,test,default,second_step_base_wmt22_data,0.46265506744384766,107,0.5,0.6328125,0.5625,0.595588207244873,0.7799999713897705
5,en-de,test,extreme,second_step_base_wmt22_data,0.4522447884082794,107,0.1,0.5180995464324951,0.7951388955116272,0.6273972392082214,0.7279999852180481
