,language_pair,split,threshold_strategy,exp_group,threshold,MCC,precision,recall,f1,accuracy
0,en-de,dev,best,second_step_base_wmt22_data,0.306,0.47556465268135073,0.5508896708488464,0.6728942275047303,0.6040035843849182,0.7976000070571899
1,en-de,dev,default,second_step_base_wmt22_data,0.5,0.46840903759002683,0.508185064792633,0.6961276769638062,0.5862427830696106,0.7988000035285949
2,en-de,dev,extreme,second_step_base_wmt22_data,0.1,0.44994446635246277,0.6192170858383179,0.6012529551982879,0.6046350479125977,0.7718000054359436
3,en-de,test,best,second_step_base_wmt22_data,0.306,0.46329590678215027,0.5652777671813964,0.6550192594528198,0.6031774163246155,0.7861999988555908
4,en-de,test,default,second_step_base_wmt22_data,0.5,0.46336269974708555,0.5083333253860474,0.6952940940856933,0.5857457637786865,0.7931999921798706
5,en-de,test,extreme,second_step_base_wmt22_data,0.1,0.4558472394943237,0.6611111044883728,0.5882230877876282,0.6174193501472474,0.7647999882698059
