,threshold,MCC,precision,recall,f1,accuracy,language_pair,split,seed,model_type
2,0.5,0.4641764760017395,0.47330960631370544,0.7189189195632935,0.5708154439926147,0.800000011920929,en-de,dev,42,supervised
6,0.5,0.4466632902622223,0.5625,0.6328125,0.595588207244873,0.7799999713897705,en-de,test,107,supervised
