,threshold,MCC,precision,recall,f1,accuracy,threshold_strategy,language_pair,split,seed,model_type,exp_group
2,0.45,0.47542986273765564,0.7044335007667542,0.5088967680931091,0.5909090638160706,0.8019999861717224,best,en-de,dev,928,supervised,second_step_base_wmt22_data
7,0.5,0.468455046415329,0.6516393423080444,0.5658363103866577,0.6057142615318298,0.7929999828338623,default,en-de,dev,107,supervised,second_step_base_wmt22_data
12,0.1,0.4538731575012207,0.5882353186607361,0.6405693888664246,0.6132879257202148,0.7730000019073486,extreme,en-de,dev,89,supervised,second_step_base_wmt22_data
17,0.45,0.4727899432182312,0.6995305418968201,0.5173611044883728,0.5948103666305542,0.796999990940094,best,en-de,test,928,supervised,second_step_base_wmt22_data
22,0.5,0.46265506744384766,0.7234042286872864,0.4722222089767456,0.5714285969734192,0.7960000038146973,default,en-de,test,42,supervised,second_step_base_wmt22_data
27,0.1,0.4522447884082794,0.5180995464324951,0.7951388955116272,0.6273972392082214,0.7279999852180481,extreme,en-de,test,107,supervised,second_step_base_wmt22_data
