,threshold,MCC,precision,recall,f1,accuracy,threshold_strategy,language_pair,split,seed,model_type,exp_group
10,0.21,0.4805201590061188,0.6472868323326111,0.5943060517311096,0.6196660399436951,0.7950000166893005,best,en-de,dev,89,supervised,second_step_base_wmt22_data
6,0.5,0.4741024374961853,0.7085427045822144,0.5017793774604797,0.5874999761581421,0.8019999861717224,default,en-de,dev,2710,supervised,second_step_base_wmt22_data
8,0.1,0.47475194931030273,0.6309962868690491,0.608540952205658,0.6195651888847351,0.7900000214576721,extreme,en-de,dev,2710,supervised,second_step_base_wmt22_data
16,0.64,0.47755834460258484,0.7178217768669128,0.5034722089767456,0.5918367505073547,0.800000011920929,best,en-de,test,107,supervised,second_step_base_wmt22_data
21,0.5,0.4841794967651367,0.7184466123580933,0.5138888955116272,0.5991902947425842,0.8019999861717224,default,en-de,test,928,supervised,second_step_base_wmt22_data
29,0.1,0.4708506464958191,0.5830903649330139,0.6944444179534912,0.6339144110679626,0.7689999938011169,extreme,en-de,test,89,supervised,second_step_base_wmt22_data
