,threshold,MCC,precision,recall,f1,accuracy,language_pair,split,seed,model_type
4,0.5,0.4741024374961853,0.5017793774604797,0.7085427045822144,0.5874999761581421,0.8019999861717224,en-de,dev,2710,supervised
8,0.5,0.4841794967651367,0.5138888955116272,0.7184466123580933,0.5991902947425842,0.8019999861717224,en-de,test,928,supervised
