,threshold,MCC,precision,recall,f1,accuracy,language_pair,split,seed,model_type
1,0.5,0.46584758162498474,0.518750011920929,0.5763888955116272,0.5460526347160339,0.8619999885559082,en-cs,dev,89,supervised
9,0.5,0.4040798544883728,0.4285714328289032,0.5827338099479675,0.49390244483947754,0.8339999914169312,en-cs,test,42,supervised
10,0.5,0.4750811457633972,0.5302491188049316,0.6866359710693359,0.5983935594558716,0.800000011920929,en-de,dev,89,supervised
18,0.5,0.45047882199287415,0.5,0.6824644804000854,0.5771543383598328,0.7889999747276306,en-de,test,89,supervised
24,0.5,0.3067295551300049,0.3229166567325592,0.41333332657814026,0.3625730872154236,0.890999972820282,en-ja,dev,107,supervised
29,0.5,0.17159447073936462,0.17073170840740204,0.2916666567325592,0.2153846174478531,0.8980000019073486,en-ja,test,928,supervised
31,0.5,0.3424634337425232,0.4822694957256317,0.4071856141090393,0.44155845046043396,0.828000009059906,en-zh,dev,928,supervised
36,0.5,0.24054177105426788,0.3544303774833679,0.3636363744735718,0.3589743673801422,0.800000011920929,en-zh,test,928,supervised
