,threshold,MCC,precision,recall,f1,accuracy,language_pair,split,seed,model_type
0,0.5,0.494258314371109,0.543749988079071,0.6000000238418579,0.5704917907714844,0.8690000176429749,en-cs,dev,-,majority_ensemble
1,0.5,0.41457098722457886,0.460317462682724,0.5723684430122375,0.5102639198303223,0.8330000042915344,en-cs,test,-,majority_ensemble
2,0.5,0.4806096851825714,0.5231316685676575,0.699999988079071,0.5987780094146729,0.8029999732971191,en-de,dev,-,majority_ensemble
3,0.5,0.4660474956035614,0.5069444179534912,0.6985645890235901,0.5875251293182373,0.7950000166893005,en-de,test,-,majority_ensemble
4,0.5,0.3168144226074219,0.34375,0.4124999940395355,0.375,0.8899999856948853,en-ja,dev,-,majority_ensemble
5,0.5,0.17624159157276154,0.18292683362960815,0.2884615361690521,0.2238806039094925,0.8960000276565552,en-ja,test,-,majority_ensemble
6,0.5,0.3695542812347412,0.4680851101875305,0.45205479860305786,0.45993030071258545,0.8450000286102295,en-zh,dev,-,majority_ensemble
7,0.5,0.24798257648944855,0.33544304966926575,0.3840579688549042,0.3581081032752991,0.8100000023841858,en-zh,test,-,majority_ensemble
