,threshold,MCC,precision,recall,f1,accuracy,language_pair,split,seed,model_type
0,0.5,0.48635223507881165,0.550000011920929,0.5827814340591431,0.5659164190292358,0.8650000095367432,en-cs,dev,107,supervised
5,0.5,0.4229797422885895,0.49735450744628906,0.5562130212783813,0.5251396894454956,0.8299999833106995,en-cs,test,107,supervised
11,0.5,0.4944872558116913,0.5195729732513428,0.7227723002433777,0.6045548915863037,0.8090000152587891,en-de,dev,2710,supervised
16,0.5,0.4728780686855316,0.4895833432674408,0.7230769395828247,0.5838509202003479,0.7990000247955322,en-de,test,42,supervised
22,0.5,0.33880215883255005,0.3541666567325592,0.44155845046043396,0.39306357502937317,0.8949999809265137,en-ja,dev,2710,supervised
25,0.5,0.21236053109169006,0.2073170691728592,0.3333333432674408,0.25563910603523254,0.9010000228881836,en-ja,test,2710,supervised
33,0.5,0.37594813108444214,0.4964539110660553,0.4430379867553711,0.46822741627693176,0.8410000205039978,en-zh,dev,2710,supervised
35,0.5,0.2703186273574829,0.32278481125831604,0.42500001192092896,0.36690646409988403,0.8240000009536743,en-zh,test,89,supervised
