,threshold,MCC,precision,recall,f1,accuracy,language_pair,split,seed,model_type
0,0.5,0.48816123604774475,0.6000000238418579,0.5485714077949524,0.5731343030929565,0.8569999933242798,en-cs,dev,-,majority_ensemble
1,0.5,0.4717191755771637,0.5925925970077515,0.5572139024734497,0.5743589997291565,0.8339999914169312,en-cs,test,-,majority_ensemble
2,0.5,0.5011441707611084,0.5658363103866577,0.6943231225013733,0.6235294342041016,0.8080000281333923,en-de,dev,-,majority_ensemble
3,0.5,0.5142316818237305,0.5868055820465088,0.7012448310852051,0.6389414072036743,0.8090000152587891,en-de,test,-,majority_ensemble
4,0.5,0.3793848156929016,0.43262410163879395,0.49193549156188965,0.46037736535072327,0.8569999933242798,en-zh,dev,-,majority_ensemble
5,0.5,0.23224379122257233,0.297468364238739,0.3852458894252777,0.33571428060531616,0.8140000104904175,en-zh,test,-,majority_ensemble
