,threshold,MCC,precision,recall,f1,accuracy,language_pair,split,seed,model_type
0,0.5,0.4836978316307068,0.6000000238418579,0.5423728823661804,0.5697329640388489,0.8550000190734863,en-cs,dev,928,supervised
6,0.5,0.46660885214805603,0.6137565970420837,0.5370370149612427,0.5728394985198975,0.8270000219345093,en-cs,test,2710,supervised
14,0.5,0.49616721272468567,0.5907473564147949,0.6693548560142517,0.6275992393493652,0.8029999732971191,en-de,dev,107,supervised
19,0.5,0.4951819181442261,0.5486111044883728,0.7053571343421936,0.6171875,0.8040000200271606,en-de,test,42,supervised
24,0.5,0.3694145679473877,0.43262410163879395,0.4765625,0.4535315930843353,0.8529999852180481,en-zh,dev,2710,supervised
25,0.5,0.24062079191207886,0.3037974536418915,0.39344263076782227,0.34285715222358704,0.8159999847412109,en-zh,test,928,supervised
