,threshold,MCC,precision,recall,f1,accuracy,language_pair,split,seed,model_type
1,0.5,0.4900367259979248,0.59375,0.5555555820465088,0.574018120765686,0.859000027179718,en-cs,dev,89,supervised
5,0.5,0.4823073446750641,0.5978835821151733,0.5678392052650452,0.5824742317199707,0.8379999995231628,en-cs,test,42,supervised
12,0.5,0.500369131565094,0.5622775554656982,0.6960352659225464,0.6220472455024719,0.8080000281333923,en-de,dev,89,supervised
15,0.5,0.5208618640899658,0.625,0.6818181872367859,0.6521739363670349,0.8080000281333923,en-de,test,107,supervised
20,0.5,0.38194021582603455,0.43262410163879395,0.49593496322631836,0.46212121844291687,0.8579999804496765,en-zh,dev,42,supervised
29,0.5,0.246474027633667,0.3164556920528412,0.3937007784843445,0.35087719559669495,0.8149999976158142,en-zh,test,89,supervised
