,threshold,MCC,precision,recall,f1,accuracy,threshold_strategy,language_pair,split,seed,model_type,exp_group
4,0.23,0.477863609790802,0.5088967680931091,0.7079207897186279,0.5921325087547302,0.8029999732971191,best,en-de,dev,89,supervised,train_multilingual_auth_wmt22_data_single
3,0.5,0.4564327001571655,0.3701067566871643,0.8188976645469666,0.5098039507865906,0.800000011920929,default,en-de,dev,89,supervised,train_multilingual_auth_wmt22_data_single
8,0.1,0.4513804614543915,0.6832740306854248,0.563049852848053,0.6173633337020874,0.7620000243186951,extreme,en-de,dev,42,supervised,train_multilingual_auth_wmt22_data_single
22,0.38,0.4673043191432953,0.4861111044883728,0.7179487347602844,0.5797101259231567,0.796999990940094,best,en-de,test,42,supervised,train_multilingual_auth_wmt22_data_single
27,0.5,0.43709999322891235,0.3784722089767456,0.7785714268684387,0.5093457698822021,0.7900000214576721,default,en-de,test,89,supervised,train_multilingual_auth_wmt22_data_single
17,0.1,0.48332998156547546,0.6770833134651184,0.6055900454521179,0.6393442749977112,0.7799999713897705,extreme,en-de,test,107,supervised,train_multilingual_auth_wmt22_data_single
