,threshold,MCC,precision,recall,f1,accuracy,threshold_strategy,language_pair,split,seed,model_type,exp_group
0,0.5,0.4754711985588074,0.8041958212852478,0.40925267338752747,0.5424528121948242,0.8059999942779541,default,en-de,dev,-,majority_ensemble,train_multilingual_auth_wmt22_data_single
1,0.0,0.4861815571784973,0.7458563446998596,0.4804270565509796,0.5844155550003052,0.8080000281333923,best,en-de,dev,-,majority_ensemble,train_multilingual_auth_wmt22_data_single
2,0.1,0.45775318145751953,0.5865384340286255,0.6512455344200134,0.6172006726264954,0.7730000019073486,extreme,en-de,dev,-,majority_ensemble,train_multilingual_auth_wmt22_data_single
3,0.5,0.4531582295894623,0.7823129296302795,0.3993055522441864,0.5287356376647949,0.7950000166893005,default,en-de,test,-,majority_ensemble,train_multilingual_auth_wmt22_data_single
4,0.0,0.47137051820755005,0.7301587462425232,0.4791666567325592,0.5786163806915283,0.7990000247955322,best,en-de,test,-,majority_ensemble,train_multilingual_auth_wmt22_data_single
5,0.1,0.5186249613761902,0.6115942001342773,0.7326388955116272,0.6666666865348816,0.7889999747276306,extreme,en-de,test,-,majority_ensemble,train_multilingual_auth_wmt22_data_single
