,threshold,MCC,precision,recall,f1,accuracy,threshold_strategy,language_pair,split,seed,model_type,exp_group
13,0.24,0.4958057105541229,0.6981981992721558,0.5516014099121094,0.6163021922111511,0.8069999814033508,best,en-de,dev,107,supervised,train_multilingual_auth_wmt22_data_single
0,0.5,0.4754711985588074,0.8041958212852478,0.40925267338752747,0.5424528121948242,0.8059999942779541,default,en-de,dev,2710,supervised,train_multilingual_auth_wmt22_data_single
14,0.1,0.4627404808998108,0.6040955781936646,0.6298932433128357,0.6167247295379639,0.7799999713897705,extreme,en-de,dev,107,supervised,train_multilingual_auth_wmt22_data_single
28,0.23,0.49619975686073303,0.723809540271759,0.5277777910232544,0.6104417443275452,0.8059999942779541,best,en-de,test,89,supervised,train_multilingual_auth_wmt22_data_single
21,0.5,0.4687894880771637,0.7933333516120911,0.4131944477558136,0.543379008769989,0.800000011920929,default,en-de,test,42,supervised,train_multilingual_auth_wmt22_data_single
26,0.1,0.5345017910003662,0.5932642221450806,0.7951388955116272,0.6795251965522766,0.7839999794960022,extreme,en-de,test,928,supervised,train_multilingual_auth_wmt22_data_single
