,language_pair,split,threshold_strategy,exp_group,MCC,seed,threshold,precision,recall,f1,accuracy
0,en-de,dev,best,train_multilingual_auth_wmt22_data_single,0.48643434047698975,2710,0.42000000000000004,0.4555160105228424,0.7710843086242676,0.572706937789917,0.8090000152587891
1,en-de,dev,default,train_multilingual_auth_wmt22_data_single,0.4660753309726715,2710,0.5,0.40925267338752747,0.8041958212852478,0.5424528121948242,0.8059999942779541
2,en-de,dev,extreme,train_multilingual_auth_wmt22_data_single,0.46080338954925537,2710,0.1,0.6548042893409729,0.5878594517707825,0.619528591632843,0.7739999890327454
3,en-de,test,best,train_multilingual_auth_wmt22_data_single,0.4828261435031891,107,0.24,0.5625,0.692307710647583,0.6206896305084229,0.8019999861717224
4,en-de,test,default,train_multilingual_auth_wmt22_data_single,0.44998830556869507,107,0.5,0.4340277910232544,0.7396449446678162,0.5470459461212158,0.7929999828338623
5,en-de,test,extreme,train_multilingual_auth_wmt22_data_single,0.522022008895874,107,0.1,0.6770833134651184,0.6055900454521179,0.6393442749977112,0.7799999713897705
