,threshold,MCC,precision,recall,f1,accuracy,language_pair,split,seed,model_type
4,0.5,0.4564327001571655,0.3701067566871643,0.8188976645469666,0.5098039507865906,0.800000011920929,en-de,dev,89,supervised
7,0.5,0.43709999322891235,0.3784722089767456,0.7785714268684387,0.5093457698822021,0.7900000214576721,en-de,test,89,supervised
