,language_pair,split,threshold_strategy,exp_group,threshold,MCC,precision,recall,f1,accuracy
0,en-de,dev,best,train_multilingual_auth_wmt22_data_single,0.336,0.4865960717201233,0.7381846308708191,0.4911031901836395,0.5880086421966553,0.8072000026702881
1,en-de,dev,default,train_multilingual_auth_wmt22_data_single,0.5,0.4660998821258545,0.7957405209541321,0.4028469741344452,0.5344942450523377,0.8029999971389771
2,en-de,dev,extreme,train_multilingual_auth_wmt22_data_single,0.1,0.4578374683856964,0.5860009789466858,0.654092526435852,0.6168801546096802,0.7717999935150146
3,en-de,test,best,train_multilingual_auth_wmt22_data_single,0.336,0.4819166839122772,0.7333452939987183,0.4951388895511627,0.5888242363929749,0.8018000006675721
4,en-de,test,default,train_multilingual_auth_wmt22_data_single,0.5,0.45425848960876464,0.7776579976081848,0.4055555582046509,0.532609474658966,0.7952000141143799
5,en-de,test,extreme,train_multilingual_auth_wmt22_data_single,0.1,0.512813949584961,0.6060466170310974,0.7319444417953491,0.6617684483528137,0.7851999878883362
