,threshold,MCC,precision,recall,f1,accuracy,threshold_strategy,language_pair,split,seed,model_type,exp_group
2,0.42000000000000004,0.48643434047698975,0.7710843086242676,0.4555160105228424,0.572706937789917,0.8090000152587891,best,en-de,dev,2710,supervised,train_multilingual_auth_wmt22_data_single
7,0.5,0.4660753309726715,0.7876712083816528,0.40925267338752747,0.5386416912078857,0.8029999732971191,default,en-de,dev,928,supervised,train_multilingual_auth_wmt22_data_single
12,0.1,0.46080338954925537,0.5878594517707825,0.6548042893409729,0.619528591632843,0.7739999890327454,extreme,en-de,dev,2710,supervised,train_multilingual_auth_wmt22_data_single
17,0.41000000000000003,0.4828261435031891,0.7643678188323975,0.4618055522441864,0.5757575631141663,0.8040000200271606,best,en-de,test,928,supervised,train_multilingual_auth_wmt22_data_single
22,0.5,0.44998830556869507,0.7808219194412231,0.3958333432674408,0.5253456234931946,0.7940000295639038,default,en-de,test,2710,supervised,train_multilingual_auth_wmt22_data_single
27,0.1,0.522022008895874,0.615160346031189,0.7326388955116272,0.668779730796814,0.7910000085830688,extreme,en-de,test,2710,supervised,train_multilingual_auth_wmt22_data_single
