,threshold,MCC,precision,recall,f1,accuracy,language_pair,split,seed,model_type
0,0.5,0.4754711985588074,0.40925267338752747,0.8041958212852478,0.5424528121948242,0.8059999942779541,en-de,dev,-,majority_ensemble
1,0.5,0.4531582295894623,0.3993055522441864,0.7823129296302795,0.5287356376647949,0.7950000166893005,en-de,test,-,majority_ensemble
