,threshold,MCC,precision,recall,f1,accuracy,language_pair,split,seed,model_type
1,0.5,0.4754711985588074,0.40925267338752747,0.8041958212852478,0.5424528121948242,0.8059999942779541,en-de,dev,2710,supervised
8,0.5,0.4687894880771637,0.4131944477558136,0.7933333516120911,0.543379008769989,0.800000011920929,en-de,test,42,supervised
