,threshold,MCC,precision,recall,f1,accuracy,language_pair,split,seed,model_type
0,0.5,0.47852328419685364,0.6312500238418579,0.5153061151504517,0.567415714263916,0.8460000157356262,en-cs,dev,89,supervised
8,0.5,0.47186389565467834,0.5978835821151733,0.5539215803146362,0.5750635862350464,0.8330000042915344,en-cs,test,42,supervised
12,0.5,0.48340481519699097,0.5124555230140686,0.7128713130950928,0.5962733030319214,0.8050000071525574,en-de,dev,928,supervised
17,0.5,0.4841794967651367,0.5138888955116272,0.7184466123580933,0.5991902947425842,0.8019999861717224,en-de,test,42,supervised
22,0.5,0.3920905292034149,0.39716312289237976,0.5436893105506897,0.4590163826942444,0.8679999709129333,en-zh,dev,42,supervised
26,0.5,0.328977108001709,0.43670886754989624,0.43396225571632385,0.43533122539520264,0.8209999799728394,en-zh,test,107,supervised
