,threshold,MCC,precision,recall,f1,accuracy,language_pair,split,seed,model_type
0,0.5,0.47698548436164856,0.6187499761581421,0.5210526585578918,0.5657142996788025,0.8479999899864197,en-cs,dev,-,majority_ensemble
1,0.5,0.4646585285663605,0.6137565970420837,0.5345622301101685,0.5714285969734192,0.8259999752044678,en-cs,test,-,majority_ensemble
2,0.5,0.48340481519699097,0.5124555230140686,0.7128713130950928,0.5962733030319214,0.8050000071525574,en-de,dev,-,majority_ensemble
3,0.5,0.48234131932258606,0.5173611044883728,0.7129186391830444,0.5995975732803345,0.8009999990463257,en-de,test,-,majority_ensemble
4,0.5,0.377094566822052,0.4609929025173187,0.4676258862018585,0.4642857015132904,0.8500000238418579,en-zh,dev,-,majority_ensemble
5,0.5,0.26462608575820923,0.33544304966926575,0.4076923131942749,0.3680555522441864,0.8180000185966492,en-zh,test,-,majority_ensemble
