,threshold,MCC,precision,recall,f1,accuracy,language_pair,split,seed,model_type
0,0.5,0.39024344086647034,0.5185185074806213,0.4974619150161743,0.5077720284461975,0.8100000023841858,en-cs,test,-,llm
1,0.5,0.3680577874183655,0.3888888955116272,0.6549707651138306,0.4880174398422241,0.7649999856948853,en-de,test,-,llm
2,0.5,0.23945169150829315,0.4878048896789551,0.2222222238779068,0.30534350872039795,0.8180000185966492,en-ja,test,-,llm
3,0.5,0.3266701400279999,0.5063291192054749,0.39408865571022034,0.4432132840156555,0.7990000247955322,en-zh,test,-,llm
