,language_pair,split,threshold_strategy,exp_group,threshold,MCC,precision,recall,f1,accuracy
0,en-cs,test,default,prompt_basic,0.5,0.39024344086647034,0.4974619150161743,0.5185185074806213,0.5077720284461975,0.8100000023841858
1,en-de,test,default,prompt_basic,0.5,0.3680577874183655,0.6549707651138306,0.3888888955116272,0.4880174398422241,0.7649999856948853
2,en-ja,test,default,prompt_basic,0.5,0.23945169150829315,0.2222222238779068,0.4878048896789551,0.30534350872039795,0.8180000185966492
3,en-zh,test,default,prompt_basic,0.5,0.3266701400279999,0.39408865571022034,0.5063291192054749,0.4432132840156555,0.7990000247955322
