,threshold,MCC,precision,recall,f1,accuracy,language_pair,split,seed,model_type
0,0.5,0.4379093647003174,0.5562499761581421,0.508571445941925,0.5313432812690735,0.8429999947547913,en-cs,dev,-,majority_ensemble
1,0.5,0.4781847596168518,0.5714285969734192,0.5806451439857483,0.5759999752044678,0.8410000205039978,en-cs,test,-,majority_ensemble
2,0.5,0.4615594446659088,0.5480427145957947,0.6553191542625427,0.5968992114067078,0.7919999957084656,en-de,dev,-,majority_ensemble
3,0.5,0.4841631054878235,0.5868055820465088,0.6627451181411743,0.6224677562713623,0.7950000166893005,en-de,test,-,majority_ensemble
4,0.5,0.2953714430332184,0.40625,0.3362068831920624,0.3679245412349701,0.8659999966621399,en-ja,dev,-,majority_ensemble
5,0.5,0.25228574872016907,0.3658536672592163,0.2830188572406769,0.3191489279270172,0.871999979019165,en-ja,test,-,majority_ensemble
6,0.5,0.35415107011795044,0.4822694957256317,0.42236024141311646,0.4503311216831207,0.8339999914169312,en-zh,dev,-,majority_ensemble
7,0.5,0.30027294158935547,0.4303797483444214,0.4000000059604645,0.4146341383457184,0.8080000281333923,en-zh,test,-,majority_ensemble
