,threshold,MCC,precision,recall,f1,accuracy,language_pair,split,seed,model_type
4,0.5,0.44332635402679443,0.581250011920929,0.5,0.5375722646713257,0.8399999737739563,en-cs,dev,89,supervised
7,0.5,0.4831692576408386,0.5608465671539307,0.5955055952072144,0.5776566863059998,0.8450000286102295,en-cs,test,42,supervised
14,0.5,0.4760358929634094,0.5622775554656982,0.6638655662536621,0.6088631749153137,0.796999990940094,en-de,dev,42,supervised
17,0.5,0.5025749206542969,0.6458333134651184,0.6458333134651184,0.6458333134651184,0.7960000038146973,en-de,test,89,supervised
21,0.5,0.3038201332092285,0.4166666567325592,0.34188035130500793,0.3755868673324585,0.8669999837875366,en-ja,dev,928,supervised
29,0.5,0.2617258131504059,0.39024388790130615,0.28318583965301514,0.3282051384449005,0.8690000176429749,en-ja,test,89,supervised
32,0.5,0.36019235849380493,0.4822694957256317,0.4303797483444214,0.454849511384964,0.8370000123977661,en-zh,dev,928,supervised
39,0.5,0.31981563568115234,0.46202531456947327,0.4078212380409241,0.43323442339897156,0.8090000152587891,en-zh,test,107,supervised
