,threshold,MCC,precision,recall,f1,accuracy,language_pair,split,seed,model_type
2,0.5,0.41972485184669495,0.53125,0.5,0.5151515007019043,0.8399999737739563,en-cs,dev,42,supervised
8,0.5,0.47162044048309326,0.5661375522613525,0.5752688050270081,0.5706666707992554,0.8389999866485596,en-cs,test,928,supervised
10,0.5,0.4549538791179657,0.5622775554656982,0.6370967626571655,0.5973535180091858,0.7870000004768372,en-de,dev,89,supervised
18,0.5,0.48028063774108887,0.5798611044883728,0.6626983880996704,0.6185185313224792,0.7940000295639038,en-de,test,107,supervised
22,0.5,0.2874038815498352,0.3645833432674408,0.3499999940395355,0.3571428656578064,0.8740000128746033,en-ja,dev,2710,supervised
28,0.5,0.22669559717178345,0.3414634168148041,0.2616822421550751,0.29629629850387573,0.8669999837875366,en-ja,test,42,supervised
31,0.5,0.3391053378582001,0.4964539110660553,0.395480215549469,0.44025155901908875,0.8220000267028809,en-zh,dev,89,supervised
38,0.5,0.28978100419044495,0.3987341821193695,0.4038461446762085,0.4012738764286041,0.8119999766349792,en-zh,test,2710,supervised
