,threshold,MCC,precision,recall,f1,accuracy,language_pair,split,seed,model_type
0,0.5,0.3322012722492218,0.4791666567325592,0.3458646535873413,0.4017467200756073,0.8629999756813049,en-ja,dev,-,majority_ensemble
1,0.5,0.2691228687763214,0.4268292784690857,0.27559053897857666,0.3349282443523407,0.8610000014305115,en-ja,test,-,majority_ensemble
