,threshold,MCC,precision,recall,f1,accuracy,language_pair,split,seed,model_type
1,0.5,0.3267001211643219,0.5,0.3287671208381653,0.39669421315193176,0.8539999723434448,en-ja,dev,42,supervised
8,0.5,0.1547008603811264,0.18292683362960815,0.25,0.2112676054239273,0.8880000114440918,en-ja,test,928,supervised
