,threshold,MCC,precision,recall,f1,accuracy,language_pair,split,seed,model_type
3,0.5,0.3342278301715851,0.4791666567325592,0.3484848439693451,0.4035087823867798,0.8640000224113464,en-ja,dev,2710,supervised
6,0.5,0.2748351991176605,0.45121949911117554,0.2720588147640228,0.33944955468177795,0.8560000061988831,en-ja,test,42,supervised
