,threshold,MCC,precision,recall,f1,accuracy,threshold_strategy,language_pair,split,seed,model_type,exp_group
0,0.5,0.3322012722492218,0.4791666567325592,0.3458646535873413,0.4017467200756073,0.8629999756813049,default,en-ja,dev,-,majority_ensemble,second_step_base_auth_data_enja
1,0.0,0.33627381920814514,0.4791666567325592,0.35114502906799316,0.40528634190559387,0.8650000095367432,best,en-ja,dev,-,majority_ensemble,second_step_base_auth_data_enja
2,0.1,0.3102070987224579,0.6354166865348816,0.2618025839328766,0.37082067131996155,0.7929999828338623,extreme,en-ja,dev,-,majority_ensemble,second_step_base_auth_data_enja
3,0.5,0.2691228687763214,0.4268292784690857,0.27559053897857666,0.3349282443523407,0.8610000014305115,default,en-ja,test,-,majority_ensemble,second_step_base_auth_data_enja
4,0.0,0.27836528420448303,0.4268292784690857,0.28688523173332214,0.343137264251709,0.8659999966621399,best,en-ja,test,-,majority_ensemble,second_step_base_auth_data_enja
5,0.1,0.27593010663986206,0.5975610017776489,0.22580644488334656,0.3277592062950134,0.7990000247955322,extreme,en-ja,test,-,majority_ensemble,second_step_base_auth_data_enja
