,language_pair,split,threshold_strategy,exp_group,MCC,seed,threshold,precision,recall,f1,accuracy
0,en-ja,dev,best,second_step_base_auth_data_enja,0.334230899810791,107,0.52,0.3333333432674408,0.5208333134651184,0.4065040647983551,0.8539999723434448
1,en-ja,dev,default,second_step_base_auth_data_enja,0.33218246698379517,107,0.5,0.32679739594459534,0.5208333134651184,0.4016064405441284,0.8510000109672546
2,en-ja,dev,extreme,second_step_base_auth_data_enja,0.30052268505096436,107,0.1,0.24901185929775238,0.65625,0.36103153228759766,0.7770000100135803
3,en-ja,test,best,second_step_base_auth_data_enja,0.2512456476688385,89,0.47000000000000003,0.2641509473323822,0.17073170840740204,0.2074074000120163,0.8930000066757202
4,en-ja,test,default,second_step_base_auth_data_enja,0.24293696880340576,89,0.5,0.2641509473323822,0.17073170840740204,0.2074074000120163,0.8930000066757202
5,en-ja,test,extreme,second_step_base_auth_data_enja,0.26306992769241333,89,0.1,0.2933333218097687,0.26829269528388977,0.2802547812461853,0.8870000243186951
