,language_pair,split,threshold_strategy,exp_group,threshold,MCC,precision,recall,f1,accuracy
0,en-cs,test,default,prompt_gemba,0.5,0.38673922419548035,0.5026454925537109,0.5026454925537109,0.5026454925537109,0.8119999766349792
1,en-de,test,default,prompt_gemba,0.5,0.33255380392074585,0.577464759349823,0.4270833432674408,0.4910179674625397,0.7450000047683716
2,en-ja,test,default,prompt_gemba,0.5,0.19250918924808502,0.15542522072792053,0.6463414430618286,0.2505910098552704,0.6830000281333923
3,en-zh,test,default,prompt_gemba,0.5,0.30837586522102356,0.3258064389228821,0.6392405033111572,0.4316239356994629,0.734000027179718
