,threshold,MCC,precision,recall,f1,accuracy,threshold_strategy,language_pair,split,seed,model_type,exp_group
0,0.5,0.38673922419548035,0.5026454925537109,0.5026454925537109,0.5026454925537109,0.8119999766349792,default,en-cs,test,-,llm,prompt_gemba
1,0.5,0.33255380392074585,0.577464759349823,0.4270833432674408,0.4910179674625397,0.7450000047683716,default,en-de,test,-,llm,prompt_gemba
2,0.5,0.19250918924808502,0.15542522072792053,0.6463414430618286,0.2505910098552704,0.6830000281333923,default,en-ja,test,-,llm,prompt_gemba
3,0.5,0.30837586522102356,0.3258064389228821,0.6392405033111572,0.4316239356994629,0.734000027179718,default,en-zh,test,-,llm,prompt_gemba
