,threshold,MCC,precision,recall,f1,accuracy,threshold_strategy,language_pair,split,seed,model_type,exp_group
0,0.5,0.32452958822250366,0.4000000059604645,0.375,0.3870967626571655,0.8859999775886536,default,en-ja,dev,-,majority_ensemble,second_step_base_demetr_auth_data_enja
1,0.0,0.30891475081443787,0.39080458879470825,0.3541666567325592,0.3715847134590149,0.8849999904632568,best,en-ja,dev,-,majority_ensemble,second_step_base_demetr_auth_data_enja
2,0.1,0.26558539271354675,0.313043475151062,0.375,0.3412322402000427,0.8610000014305115,extreme,en-ja,dev,-,majority_ensemble,second_step_base_demetr_auth_data_enja
3,0.5,0.16773274540901184,0.2537313401699066,0.2073170691728592,0.2281879186630249,0.8849999904632568,default,en-ja,test,-,majority_ensemble,second_step_base_demetr_auth_data_enja
4,0.0,0.1407519280910492,0.22727273404598236,0.18292683362960815,0.20270270109176636,0.8820000290870667,best,en-ja,test,-,majority_ensemble,second_step_base_demetr_auth_data_enja
5,0.1,0.17156298458576202,0.23076923191547394,0.25609755516052246,0.24277456104755402,0.8690000176429749,extreme,en-ja,test,-,majority_ensemble,second_step_base_demetr_auth_data_enja
