,threshold,MCC,precision,recall,f1,accuracy,language_pair,split,seed,model_type
4,0.5,0.32669514417648315,0.3645833432674408,0.4117647111415863,0.3867403268814087,0.8889999985694885,en-ja,dev,928,supervised
7,0.5,0.2617437541484833,0.4146341383457184,0.2720000147819519,0.3285024166107178,0.8610000014305115,en-ja,test,89,supervised
