,threshold,MCC,precision,recall,f1,accuracy,language_pair,split,seed,model_type
0,0.5,0.301273912191391,0.4895833432674408,0.3032258152961731,0.3745020031929016,0.8429999947547913,en-ja,dev,2710,supervised
8,0.5,0.09416186064481735,0.12195122241973877,0.19230769574642181,0.1492537260055542,0.8859999775886536,en-ja,test,42,supervised
