,threshold,MCC,precision,recall,f1,accuracy,threshold_strategy,language_pair,split,seed,model_type,exp_group
2,0.46,0.31739184260368347,0.3541666567325592,0.4047619104385376,0.3777777850627899,0.8880000114440918,best,en-ja,dev,107,supervised,second_step_base_demetr_auth_data_enja
7,0.5,0.31382957100868225,0.34375,0.40740740299224854,0.37288135290145874,0.8889999985694885,default,en-ja,dev,107,supervised,second_step_base_demetr_auth_data_enja
12,0.1,0.27594467997550964,0.3645833432674408,0.3333333432674408,0.34825870394706726,0.8690000176429749,extreme,en-ja,dev,107,supervised,second_step_base_demetr_auth_data_enja
17,0.46,0.132522314786911,0.17073170840740204,0.2222222238779068,0.19310344755649567,0.8830000162124634,best,en-ja,test,107,supervised,second_step_base_demetr_auth_data_enja
22,0.5,0.13703137636184692,0.17073170840740204,0.2295081913471222,0.1958041936159134,0.8849999904632568,default,en-ja,test,107,supervised,second_step_base_demetr_auth_data_enja
27,0.1,0.18336202204227448,0.25609755516052246,0.24705882370471954,0.2514970004558563,0.875,extreme,en-ja,test,107,supervised,second_step_base_demetr_auth_data_enja
