,threshold,MCC,precision,recall,f1,accuracy,language_pair,split,seed,model_type
0,0.5,0.32452958822250366,0.375,0.4000000059604645,0.3870967626571655,0.8859999775886536,en-ja,dev,-,majority_ensemble
1,0.5,0.16773274540901184,0.2073170691728592,0.2537313401699066,0.2281879186630249,0.8849999904632568,en-ja,test,-,majority_ensemble
